{
  "info": {
    "name": "FinNexus API",
    "schema": "https://schema.getpostman.com/json/collection/v2.1.0/collection.json"
  },
  "variable": [
    {
      "key": "baseUrl",
      "value": "http://localhost:8080/api"
    },
    {
      "key": "token",
      "value": ""
    }
  ],
  "item": [
    {
      "name": "Auth",
      "item": [
        {
          "name": "Register",
          "request": {
            "method": "POST",
            "header": [{ "key": "Content-Type", "value": "application/json" }],
            "url": "{{baseUrl}}/auth/register",
            "body": {
              "mode": "raw",
              "raw": "{\n  \"username\": \"demo\",\n  \"email\": \"demo@finnexus.com\",\n  \"password\": \"demo123\"\n}"
            }
          }
        },
        {
          "name": "Login",
          "request": {
            "method": "POST",
            "header": [{ "key": "Content-Type", "value": "application/json" }],
            "url": "{{baseUrl}}/auth/login",
            "body": {
              "mode": "raw",
              "raw": "{\n  \"username\": \"demo\",\n  \"password\": \"demo123\"\n}"
            }
          }
        }
      ]
    },
    {
      "name": "Market",
      "item": [
        {
          "name": "Candles",
          "request": {
            "method": "GET",
            "url": "{{baseUrl}}/market/candles?symbol=EURUSD&timeframe=M15&limit=60"
          }
        },
        {
          "name": "Quote",
          "request": {
            "method": "GET",
            "url": "{{baseUrl}}/market/quote?symbol=EURUSD"
          }
        }
      ]
    },
    {
      "name": "Orders",
      "item": [
        {
          "name": "Place Order",
          "request": {
            "method": "POST",
            "header": [
              { "key": "Authorization", "value": "Bearer {{token}}" },
              { "key": "Content-Type", "value": "application/json" }
            ],
            "url": "{{baseUrl}}/orders",
            "body": {
              "mode": "raw",
              "raw": "{\n  \"symbol\": \"EURUSD\",\n  \"side\": \"BUY\",\n  \"type\": \"MARKET\",\n  \"quantity\": 1\n}"
            }
          }
        },
        {
          "name": "List Orders",
          "request": {
            "method": "GET",
            "header": [{ "key": "Authorization", "value": "Bearer {{token}}" }],
            "url": "{{baseUrl}}/orders"
          }
        }
      ]
    },
    {
      "name": "Wallet",
      "item": [
        {
          "name": "Get Wallet",
          "request": {
            "method": "GET",
            "header": [{ "key": "Authorization", "value": "Bearer {{token}}" }],
            "url": "{{baseUrl}}/wallet"
          }
        }
      ]
    }
  ]
}
